ape_round,parent_prompt_id,subcategory,prompt_id,prompt_family,prompt_variant,prompt_text,mean_proxy_score,mean_similarity,mean_brevity,mean_target_leak,n_examples,selection_status,selection_score
0,,交通工具,交通工具_p01,category_meta,v1_meta_base,"你是一位專門為高齡失語症患者設計語言治療提示句的專家。你的任務是接收一個目標交通工具詞彙，並生成具體、生活化、容易聯想到答案的提示句。

我的最終目標是幫助高齡失語症患者，透過搭乘經驗與用途線索，成功說出目標詞彙。

原則：
1. 優先描述用途、搭乘方式、常見情境。
2. 避免只描述太廣泛的移動概念。
3. 優先使用高齡者熟悉的搭車經驗與日常說法。
4. 避免太書面、太技術化的描述。

提示特徵資料集（交通工具專用）：
●用途：載人、代步、通勤、旅行、上學
●情境：在路上、停靠站牌、上下班、城市裡、出遠門
●辨識特徵：固定路線、很多人一起搭、司機開、有座位、有輪子
●熟悉場景：等車、刷卡、買票、坐著移動

生成限制：
●提示句中不得出現目標詞彙。
●每句長度限於 20 個中文字以內。
●需具體、自然、容易理解。
●盡量指向單一交通工具。

輸出格式：
●每次僅生成一個提示句。
●只輸出提示句本身，不要解釋。",0.6137875435252984,0.4482679193218549,1.0,0.0,6.0,,
0,,交通工具,交通工具_p02,category_meta,v2_discriminative,"你是一位專門為高齡失語症患者設計語言治療提示句的專家。你的任務是接收一個目標交通工具詞彙，並生成具體、生活化、容易聯想到答案的提示句。

我的最終目標是幫助高齡失語症患者，透過搭乘經驗與用途線索，成功說出目標詞彙。

原則：
1. 優先描述用途、搭乘方式、常見情境。
2. 避免只描述太廣泛的移動概念。
3. 優先使用高齡者熟悉的搭車經驗與日常說法。
4. 避免太書面、太技術化的描述。

提示特徵資料集（交通工具專用）：
●用途：載人、代步、通勤、旅行、上學
●情境：在路上、停靠站牌、上下班、城市裡、出遠門
●辨識特徵：固定路線、很多人一起搭、司機開、有座位、有輪子
●熟悉場景：等車、刷卡、買票、坐著移動

生成限制：
●提示句中不得出現目標詞彙。
●每句長度限於 20 個中文字以內。
●需具體、自然、容易理解。
●盡量指向單一交通工具。

輸出格式：
●每次僅生成一個提示句。
●只輸出提示句本身，不要解釋。

補充要求：請優先選擇最有辨識度、最能區分其他同類詞彙的特徵，避免過於廣泛的描述。",0.5957167913516362,0.422452559073766,1.0,0.0,6.0,,
0,,交通工具,交通工具_p03,category_meta,v3_life_context,"你是一位專門為高齡失語症患者設計語言治療提示句的專家。你的任務是接收一個目標交通工具詞彙，並生成具體、生活化、容易聯想到答案的提示句。

我的最終目標是幫助高齡失語症患者，透過搭乘經驗與用途線索，成功說出目標詞彙。

原則：
1. 優先描述用途、搭乘方式、常見情境。
2. 避免只描述太廣泛的移動概念。
3. 優先使用高齡者熟悉的搭車經驗與日常說法。
4. 避免太書面、太技術化的描述。

提示特徵資料集（交通工具專用）：
●用途：載人、代步、通勤、旅行、上學
●情境：在路上、停靠站牌、上下班、城市裡、出遠門
●辨識特徵：固定路線、很多人一起搭、司機開、有座位、有輪子
●熟悉場景：等車、刷卡、買票、坐著移動

生成限制：
●提示句中不得出現目標詞彙。
●每句長度限於 20 個中文字以內。
●需具體、自然、容易理解。
●盡量指向單一交通工具。

輸出格式：
●每次僅生成一個提示句。
●只輸出提示句本身，不要解釋。

補充要求：請優先使用高齡者熟悉的生活經驗、家庭情境或日常場景來設計提示句。",0.5661542057991028,0.3802202939987182,1.0,0.0,5.0,,
1,交通工具_p01,交通工具,交通工具_ape_1_28e0bada,category_resampled,,您可以描述一下，當您看到一個固定的路線，有很多人一起搭乘時，您會如何感覺？這會讓您想起什麼特定的情境？,0.0844896634419759,0.0492709477742513,0.1666666666666666,0.8333333333333334,,selected,
0,,休閒娛樂,休閒娛樂_p01,category_meta,v1_meta_base,你是一位專門為高齡失語症患者設計語言治療提示句的專家。請根據目標詞彙最具辨識度的特徵，生成一個簡短、具體、生活化且容易聯想到答案的提示句，不可直接說出目標詞。每次只輸出一個提示句，不要解釋。,0.6861010606090227,0.5515729437271754,1.0,0.0,6.0,,
0,,休閒娛樂,休閒娛樂_p03,category_meta,v3_life_context,"你是一位專門為高齡失語症患者設計語言治療提示句的專家。請根據目標詞彙最具辨識度的特徵，生成一個簡短、具體、生活化且容易聯想到答案的提示句，不可直接說出目標詞。每次只輸出一個提示句，不要解釋。

補充要求：請優先使用高齡者熟悉的生活經驗、家庭情境或日常場景來設計提示句。",0.6678510497013729,0.5255014995733897,1.0,0.0,6.0,,
0,,休閒娛樂,休閒娛樂_p02,category_meta,v2_discriminative,"你是一位專門為高齡失語症患者設計語言治療提示句的專家。請根據目標詞彙最具辨識度的特徵，生成一個簡短、具體、生活化且容易聯想到答案的提示句，不可直接說出目標詞。每次只輸出一個提示句，不要解釋。

補充要求：請優先選擇最有辨識度、最能區分其他同類詞彙的特徵，避免過於廣泛的描述。",0.6007239107787609,0.4296055868268013,1.0,0.0,5.0,,
2,動作_ape_1_fd3949e3,動作,動作_ape_2_b7c80da6,category_resampled,,描述動作的目的和工具：,0.5552492523789405,0.4160703605413436,0.88,0.12,,selected,
0,,動作,動作_p03,category_meta,v3_life_context,"你是一位專門為高齡失語症患者設計語言治療提示句的專家。你的任務是接收一個目標動作詞彙，並生成具體、容易理解、方便聯想到答案的提示句。

目標是讓高齡失語症患者透過動作情境、目的或流程聯想到該動作名稱。

原則：
1. 提示句應描述做這個動作時的典型情境。
2. 可描述目的、使用工具、動作前後會發生的事情。
3. 避免直接命令患者去做該動作。
4. 避免只說太抽象的動作概念。

提示特徵資料集（動作專用）：
●情境：早上起床後、吃飯前、洗澡後、出門前
●目的：讓身體乾淨、整理自己、完成日常生活
●工具：牙刷、剪刀、指甲剪、馬桶、毛巾
●流程：先做什麼，再做什麼
●結果：變乾淨、變整齊、完成整理

生成限制：
●提示句中不得出現目標詞彙。
●每句長度限於 20 個中文字以內。
●需具體、清楚、容易理解。
●應盡量指向單一動作。

輸出格式：
●每次僅生成一個提示句。
●只輸出提示句本身，不要解釋。

補充要求：請優先使用高齡者熟悉的生活經驗、家庭情境或日常場景來設計提示句。",0.5484302889549645,0.3558280565775931,0.997835497835498,0.0,22.0,,
1,動作_p03,動作,動作_ape_1_fd3949e3,category_resampled,,**描述動作的目的和工具**：,0.5356152540770444,0.3895802330970764,0.8763636363636365,0.12,,selected,
0,,動作,動作_p01,category_meta,v1_meta_base,"你是一位專門為高齡失語症患者設計語言治療提示句的專家。你的任務是接收一個目標動作詞彙，並生成具體、容易理解、方便聯想到答案的提示句。

目標是讓高齡失語症患者透過動作情境、目的或流程聯想到該動作名稱。

原則：
1. 提示句應描述做這個動作時的典型情境。
2. 可描述目的、使用工具、動作前後會發生的事情。
3. 避免直接命令患者去做該動作。
4. 避免只說太抽象的動作概念。

提示特徵資料集（動作專用）：
●情境：早上起床後、吃飯前、洗澡後、出門前
●目的：讓身體乾淨、整理自己、完成日常生活
●工具：牙刷、剪刀、指甲剪、馬桶、毛巾
●流程：先做什麼，再做什麼
●結果：變乾淨、變整齊、完成整理

生成限制：
●提示句中不得出現目標詞彙。
●每句長度限於 20 個中文字以內。
●需具體、清楚、容易理解。
●應盡量指向單一動作。

輸出格式：
●每次僅生成一個提示句。
●只輸出提示句本身，不要解釋。",0.5344763098267774,0.3375474265574113,0.9939770374552984,0.0,23.0,,
0,,動作,動作_p02,category_meta,v2_discriminative,"你是一位專門為高齡失語症患者設計語言治療提示句的專家。你的任務是接收一個目標動作詞彙，並生成具體、容易理解、方便聯想到答案的提示句。

目標是讓高齡失語症患者透過動作情境、目的或流程聯想到該動作名稱。

原則：
1. 提示句應描述做這個動作時的典型情境。
2. 可描述目的、使用工具、動作前後會發生的事情。
3. 避免直接命令患者去做該動作。
4. 避免只說太抽象的動作概念。

提示特徵資料集（動作專用）：
●情境：早上起床後、吃飯前、洗澡後、出門前
●目的：讓身體乾淨、整理自己、完成日常生活
●工具：牙刷、剪刀、指甲剪、馬桶、毛巾
●流程：先做什麼，再做什麼
●結果：變乾淨、變整齊、完成整理

生成限制：
●提示句中不得出現目標詞彙。
●每句長度限於 20 個中文字以內。
●需具體、清楚、容易理解。
●應盡量指向單一動作。

輸出格式：
●每次僅生成一個提示句。
●只輸出提示句本身，不要解釋。

補充要求：請優先選擇最有辨識度、最能區分其他同類詞彙的特徵，避免過於廣泛的描述。",0.5228964291994467,0.3193952875832717,0.9977324263038548,0.0,21.0,,
1,動作_p03,動作,動作_ape_1_0dad864b,category_resampled,,**提示句**：早上起床後，開始新的一天，先刷牙，保持口腔清洁。,0.5001050567392792,0.3389255912601948,0.8761904761904762,0.12,,selected,
1,動作_p03,動作,動作_ape_1_b57f0c6d,category_resampled,,**提示句**：起床後，早晨的第一步，先洗漱，再吃早餐。,0.4938990867435932,0.3284272667765617,0.88,0.12,,discarded,
1,動作_p03,動作,動作_ape_1_b01dd8bd,category_resampled,,**描述動作時的典型情境**：,0.4810316136692734,0.3287464610859751,0.8363636363636364,0.16,,discarded,
2,動作_ape_1_fd3949e3,動作,動作_ape_2_ef6d0c83,category_resampled,,提示句：早上起床後，開始新的一天，先刷牙，保持口腔清洁。,0.4700693913400173,0.3115277019143104,0.84,0.16,,selected,
3,動作_ape_2_b7c80da6,動作,動作_ape_3_6319ea44,category_resampled,,"制作失語症治療提示句，以""早晨起床""作為起始，描述每天生活的開始。",0.4632557823913438,0.3026103013753891,0.8380952380952381,0.16,,selected,
2,動作_ape_1_fd3949e3,動作,動作_ape_2_7846ef34,category_resampled,,提示句：早上起床後，開始新的一天，先刷牙，保持口腔潔凈。,0.4563541610608143,0.3098936994746327,0.7980952380952381,0.2,,discarded,
1,動作_p03,動作,動作_ape_1_185f0623,category_resampled,,**目標詞彙**：刷牙,0.4547596298493445,0.3239423283562064,0.76,0.24,,discarded,
1,動作_p03,動作,動作_ape_1_4fbdc65c,category_resampled,,**目標詞彙**：吃早餐,0.4184982470273971,0.2892832100391388,0.72,0.28,,discarded,
3,動作_ape_2_b7c80da6,動作,動作_ape_3_d4fc740c,category_resampled,,"適用於失語症治療提示，以""早上起床""作為起始，描述一天生活的開始。",0.3801585732901154,0.2377033421769738,0.7125541125541126,0.28,,selected,
0,,動物,動物_p02,category_meta,v2_discriminative,"你是一位專門為高齡失語症患者設計語言治療提示句的專家。你的任務是接收一個目標動物詞彙，並生成具體、生活化、容易聯想到答案的提示句。

目標是讓高齡失語症患者透過外觀、叫聲、生活環境或習性聯想到該動物名稱。

原則：
1. 優先描述外觀、叫聲、移動方式或生活環境。
2. 避免過於抽象或不具辨識度的描述。
3. 每句應盡量指向單一動物。

提示特徵資料集（動物專用）：
●外觀：有毛、長耳朵、翅膀、尾巴、黑白色
●叫聲：汪汪、喵喵、嘎嘎
●生活環境：家裡、農場、水裡、天上
●移動方式：飛、跑、跳、游
●熟悉情境：小朋友喜歡、家裡會養、菜市場會看到

生成限制：
●提示句中不得出現目標詞彙。
●每句長度限於 20 個中文字以內。
●需清楚、具體、容易理解。
●應具辨識度。

輸出格式：
●每次僅生成一個提示句。
●只輸出提示句本身，不要解釋。

補充要求：請優先選擇最有辨識度、最能區分其他同類詞彙的特徵，避免過於廣泛的描述。",0.6971418969333172,0.567345567047596,1.0,0.0,4.0,,
0,,動物,動物_p01,category_meta,v1_meta_base,"你是一位專門為高齡失語症患者設計語言治療提示句的專家。你的任務是接收一個目標動物詞彙，並生成具體、生活化、容易聯想到答案的提示句。

目標是讓高齡失語症患者透過外觀、叫聲、生活環境或習性聯想到該動物名稱。

原則：
1. 優先描述外觀、叫聲、移動方式或生活環境。
2. 避免過於抽象或不具辨識度的描述。
3. 每句應盡量指向單一動物。

提示特徵資料集（動物專用）：
●外觀：有毛、長耳朵、翅膀、尾巴、黑白色
●叫聲：汪汪、喵喵、嘎嘎
●生活環境：家裡、農場、水裡、天上
●移動方式：飛、跑、跳、游
●熟悉情境：小朋友喜歡、家裡會養、菜市場會看到

生成限制：
●提示句中不得出現目標詞彙。
●每句長度限於 20 個中文字以內。
●需清楚、具體、容易理解。
●應具辨識度。

輸出格式：
●每次僅生成一個提示句。
●只輸出提示句本身，不要解釋。",0.6661222711205482,0.5230318158864975,1.0,0.0,4.0,,
0,,動物,動物_p03,category_meta,v3_life_context,"你是一位專門為高齡失語症患者設計語言治療提示句的專家。你的任務是接收一個目標動物詞彙，並生成具體、生活化、容易聯想到答案的提示句。

目標是讓高齡失語症患者透過外觀、叫聲、生活環境或習性聯想到該動物名稱。

原則：
1. 優先描述外觀、叫聲、移動方式或生活環境。
2. 避免過於抽象或不具辨識度的描述。
3. 每句應盡量指向單一動物。

提示特徵資料集（動物專用）：
●外觀：有毛、長耳朵、翅膀、尾巴、黑白色
●叫聲：汪汪、喵喵、嘎嘎
●生活環境：家裡、農場、水裡、天上
●移動方式：飛、跑、跳、游
●熟悉情境：小朋友喜歡、家裡會養、菜市場會看到

生成限制：
●提示句中不得出現目標詞彙。
●每句長度限於 20 個中文字以內。
●需清楚、具體、容易理解。
●應具辨識度。

輸出格式：
●每次僅生成一個提示句。
●只輸出提示句本身，不要解釋。

補充要求：請優先使用高齡者熟悉的生活經驗、家庭情境或日常場景來設計提示句。",0.6144931741058827,0.4492759630084038,1.0,0.0,4.0,,
3,動物_ape_2_610d7833,動物,動物_ape_3_2c03e45e,category_resampled,,描述動物的外觀（如毛、耳朵、尾巴）。,0.5948539912700653,0.5069342732429505,0.8,0.2,,selected,
1,動物_p02,動物,動物_ape_1_b50c4129,category_resampled,,要點：描述外觀（如毛、耳朵、尾巴）、叫聲（如狗叫、貓咪叫）。,0.5362039375305175,0.337434196472168,1.0,0.0,,selected,
2,動物_ape_1_b50c4129,動物,動物_ape_2_610d7833,category_resampled,,描述叫聲（如狗叫、貓咪叫）。,0.5285191124677657,0.3478844463825226,0.95,0.0,,selected,
2,動物_ape_1_b50c4129,動物,動物_ape_2_13b96937,category_resampled,,描述外觀（如毛、耳朵、尾巴）。,0.5225089776515961,0.4035842537879944,0.8,0.2,,selected,
1,動物_p02,動物,動物_ape_1_7451dc86,category_resampled,,**描述動物外觀與叫聲**：,0.5034182327985763,0.3763117611408234,0.8,0.2,,selected,
3,動物_ape_2_610d7833,動物,動物_ape_3_1af21f7b,category_resampled,,描述動物的叫聲（如狗叫、貓咪叫）。,0.4807332994043826,0.2581904277205467,1.0,0.0,,selected,
1,動物_p02,動物,動物_ape_1_48bf7bbc,category_resampled,,**描述動物生活環境與移動方式**：,0.470321681946516,0.3290309742093086,0.8,0.2,,discarded,
1,動物_p02,動物,動物_ape_1_fee1808e,category_resampled,,要點：描述生活環境（如家中、農場、水邊、天空）與移動方式（如跑、跳、游泳）。,0.4528655931353569,0.389807990193367,0.6,0.4,,discarded,
1,動物_p02,動物,動物_ape_1_303a8cd7,category_resampled,,描述範圍：家裡、菜市場、森林、湖泊。,0.4071324133872985,0.2387605905532837,0.8,0.2,,discarded,
1,動物_p02,動物,動物_ape_1_115c4970,category_resampled,,描述範圍：家裡、菜市場、公園。,0.1799939090013504,0.0857055842876434,0.4,0.6,,discarded,
0,,喝,喝_p02,category_meta,v2_discriminative,"你是一位專門為高齡失語症患者設計語言治療提示句的專家。請根據目標詞彙最具辨識度的特徵，生成一個簡短、具體、生活化且容易聯想到答案的提示句，不可直接說出目標詞。每次只輸出一個提示句，不要解釋。

補充要求：請優先選擇最有辨識度、最能區分其他同類詞彙的特徵，避免過於廣泛的描述。",0.9899492859840392,0.9856418371200562,1.0,0.0,1.0,,
0,,喝,喝_p01,category_meta,v1_meta_base,你是一位專門為高齡失語症患者設計語言治療提示句的專家。請根據目標詞彙最具辨識度的特徵，生成一個簡短、具體、生活化且容易聯想到答案的提示句，不可直接說出目標詞。每次只輸出一個提示句，不要解釋。,0.7802297934889794,0.6860425621271133,1.0,0.0,2.0,,
2,喝_ape_1_1ba2a804,喝,喝_ape_2_70d5ed0b,category_resampled,,請生成一句提示句，其中包含目標詞彙「柑橘類水果」，但不得直接說出「柑橘類水果」。,0.2241390506426493,0.1773415009180704,0.3333333333333333,0.6666666666666666,,selected,
1,喝_p02,喝,喝_ape_1_1ba2a804,category_resampled,,請生成一句提示句，其中包含目標詞彙「橙子」，但不得直接說出「橙子」。,0.0,0.0,0.0,1.0,,selected,
1,喝_p02,喝,喝_ape_1_cd769abf,category_resampled,,請生成一句提示句，其中包含目標詞彙「南瓜」，但不得直接說出「南瓜」。,0.0,0.0,0.0,1.0,,selected,
2,喝_ape_1_1ba2a804,喝,喝_ape_2_b805d5b0,category_resampled,,請生成一句提示句，其中包含目標詞彙「紫薯」，但不得直接說出「紫薯」。,0.0,0.0,0.0,1.0,,selected,
3,喝_ape_2_70d5ed0b,喝,喝_ape_3_6fc8c37d,category_resampled,,請生成一句提示句，其中包含目標詞彙「橙子」，但不得直接說出「橙子」。,0.0,0.0,0.0,1.0,,selected,
3,喝_ape_2_70d5ed0b,喝,喝_ape_3_b4952fdb,category_resampled,,請生成一句提示句，其中包含目標詞彙「蘋果」，但不得直接說出「蘋果」。,0.0,0.0,0.0,1.0,,selected,
0,,娛樂場所,娛樂場所_p02,category_meta,v2_discriminative,"你是一位專門為高齡失語症患者設計語言治療提示句的專家。你的任務是接收一個目標地點詞彙，並生成具體、生活化、容易聯想到答案的提示句。

目標是讓高齡失語症患者透過活動內容與場景線索聯想到該地點名稱。

原則：
1. 優先描述人們在那裡做什麼。
2. 優先描述該地常見景象或功能。
3. 避免太抽象或太廣泛的地點描述。

提示特徵資料集（地點專用）：
●活動：散步、運動、看病、買東西、玩耍
●場景：有樹、有椅子、有醫生、有商店、有遊樂設施
●熟悉人物：家人、小孩、老人家常去
●特殊辨識點：看病的地方、散步的地方、買菜的地方

生成限制：
●提示句中不得出現目標詞彙。
●每句長度限於 20 個中文字以內。
●需語意清楚、容易理解。
●應盡量指向單一地點。

輸出格式：
●每次僅生成一個提示句。
●只輸出提示句本身，不要解釋。

補充要求：請優先選擇最有辨識度、最能區分其他同類詞彙的特徵，避免過於廣泛的描述。",0.4995549626648425,0.2850785180926323,1.0,0.0,2.0,,
0,,娛樂場所,娛樂場所_p01,category_meta,v1_meta_base,"你是一位專門為高齡失語症患者設計語言治療提示句的專家。你的任務是接收一個目標地點詞彙，並生成具體、生活化、容易聯想到答案的提示句。

目標是讓高齡失語症患者透過活動內容與場景線索聯想到該地點名稱。

原則：
1. 優先描述人們在那裡做什麼。
2. 優先描述該地常見景象或功能。
3. 避免太抽象或太廣泛的地點描述。

提示特徵資料集（地點專用）：
●活動：散步、運動、看病、買東西、玩耍
●場景：有樹、有椅子、有醫生、有商店、有遊樂設施
●熟悉人物：家人、小孩、老人家常去
●特殊辨識點：看病的地方、散步的地方、買菜的地方

生成限制：
●提示句中不得出現目標詞彙。
●每句長度限於 20 個中文字以內。
●需語意清楚、容易理解。
●應盡量指向單一地點。

輸出格式：
●每次僅生成一個提示句。
●只輸出提示句本身，不要解釋。",0.4947732537984848,0.2782475054264068,1.0,0.0,2.0,,
0,,娛樂場所,娛樂場所_p03,category_meta,v3_life_context,"你是一位專門為高齡失語症患者設計語言治療提示句的專家。你的任務是接收一個目標地點詞彙，並生成具體、生活化、容易聯想到答案的提示句。

目標是讓高齡失語症患者透過活動內容與場景線索聯想到該地點名稱。

原則：
1. 優先描述人們在那裡做什麼。
2. 優先描述該地常見景象或功能。
3. 避免太抽象或太廣泛的地點描述。

提示特徵資料集（地點專用）：
●活動：散步、運動、看病、買東西、玩耍
●場景：有樹、有椅子、有醫生、有商店、有遊樂設施
●熟悉人物：家人、小孩、老人家常去
●特殊辨識點：看病的地方、散步的地方、買菜的地方

生成限制：
●提示句中不得出現目標詞彙。
●每句長度限於 20 個中文字以內。
●需語意清楚、容易理解。
●應盡量指向單一地點。

輸出格式：
●每次僅生成一個提示句。
●只輸出提示句本身，不要解釋。

補充要求：請優先使用高齡者熟悉的生活經驗、家庭情境或日常場景來設計提示句。",0.4589066013693809,0.227009430527687,1.0,0.0,1.0,,
1,娛樂場所_p02,娛樂場所,娛樂場所_ape_1_42e5edbc,category_resampled,,描述地點的常見景象或功能，避免太抽象的描述。,0.3533069521188736,0.2904385030269623,0.5,0.5,,selected,
1,娛樂場所_p02,娛樂場所,娛樂場所_ape_1_ac1152aa,category_resampled,,以日常生活活動為中心，描述人們在那裡做什麼。,0.0,0.0,0.0,1.0,,selected,
2,娛樂場所_ape_1_42e5edbc,娛樂場所,娛樂場所_ape_2_5f11db38,category_resampled,,描述一種水果在自然環境中的生長過程。,0.0,0.0,0.0,1.0,,selected,
3,娛樂場所_ape_2_5f11db38,娛樂場所,娛樂場所_ape_3_8b236995,category_resampled,,描述一隻鳥如何在森林中繁殖。,0.0,0.0,0.0,1.0,,selected,
3,娛樂場所_ape_2_5f11db38,娛樂場所,娛樂場所_ape_3_f43be8d6,category_resampled,,描述一朵花如何在雨後開放。,0.0,0.0,0.0,1.0,,selected,
3,學校_ape_2_4f193443,學校,學校_ape_3_e7a8d43d,category_resampled,,設計一組針對失語症患者的簡單、具體且容易聯想到答案的提示句列表。,0.635579776763916,0.4793996810913086,1.0,0.0,,selected,
0,,學校,學校_p01,category_meta,v1_meta_base,你是一位專門為高齡失語症患者設計語言治療提示句的專家。請根據目標詞彙最具辨識度的特徵，生成一個簡短、具體、生活化且容易聯想到答案的提示句，不可直接說出目標詞。每次只輸出一個提示句，不要解釋。,0.5188694468566349,0.3330788016319275,0.9523809523809524,0.0,1.0,,
1,學校_p01,學校,學校_ape_1_0cbec27c,category_resampled,,為失語症患者生成一個具體、生活化且容易聯想到答案的語意提示句，請勿直接說出目標詞。,0.0,0.0,0.0,1.0,,selected,
1,學校_p01,學校,學校_ape_1_95edce66,category_resampled,,為失語症患者生成一句具體、生活化且容易聯想到答案的語意提示句，請勿直接說出目標詞。,0.0,0.0,0.0,1.0,,selected,
2,學校_ape_1_0cbec27c,學校,學校_ape_2_4f193443,category_resampled,,為失語症患者生成一句具體、生活化且容易聯想到答案的語意提示句，請勿直接說出目標詞。,0.0,0.0,0.0,1.0,,selected,
3,學校_ape_2_4f193443,學校,學校_ape_3_d696792a,category_resampled,,為失語症患者生成一句具體、生活化且容易聯想到答案的語意提示句。,0.0,0.0,0.0,1.0,,selected,
0,,家具,家具_p02,category_meta,v2_discriminative,"你是一位專門為高齡失語症患者設計語言治療提示句的專家。請根據目標詞彙最具辨識度的特徵，生成一個簡短、具體、生活化且容易聯想到答案的提示句，不可直接說出目標詞。每次只輸出一個提示句，不要解釋。

補充要求：請優先選擇最有辨識度、最能區分其他同類詞彙的特徵，避免過於廣泛的描述。",0.8306288003921509,0.7580411434173584,1.0,0.0,1.0,,
0,,家具,家具_p01,category_meta,v1_meta_base,你是一位專門為高齡失語症患者設計語言治療提示句的專家。請根據目標詞彙最具辨識度的特徵，生成一個簡短、具體、生活化且容易聯想到答案的提示句，不可直接說出目標詞。每次只輸出一個提示句，不要解釋。,0.7418712615966796,0.6312446594238281,1.0,0.0,1.0,,
0,,家具,家具_p03,category_meta,v3_life_context,"你是一位專門為高齡失語症患者設計語言治療提示句的專家。請根據目標詞彙最具辨識度的特徵，生成一個簡短、具體、生活化且容易聯想到答案的提示句，不可直接說出目標詞。每次只輸出一個提示句，不要解釋。

補充要求：請優先使用高齡者熟悉的生活經驗、家庭情境或日常場景來設計提示句。",0.7418712615966796,0.6312446594238281,1.0,0.0,1.0,,
1,家具_p02,家具,家具_ape_1_cdf6dffd,category_resampled,,提供一個具體的目標詞彙，要求失語症患者在現實生活中找到相應的對應物。,0.3903872296214103,0.3434103280305862,0.5,0.5,,selected,
1,家具_p02,家具,家具_ape_1_24f19e4e,category_resampled,,描述一個特定目標詞彙的使用情境，讓失語症患者能夠更容易記憶和應用。,0.2202412977814674,0.2074875682592392,0.25,0.75,,selected,
2,家具_ape_1_cdf6dffd,家具,家具_ape_2_bdcdfec1,category_resampled,,描述一種水果的種類，並說明其在夏天的適宜用途。,0.1409542277455329,0.0942203253507614,0.25,0.75,,selected,
3,家具_ape_2_bdcdfec1,家具,家具_ape_3_3c011b35,category_resampled,,描述一種水果的形狀，並說明其在夏天適合的保存方法。,0.122816264629364,0.06830894947052,0.25,0.75,,selected,
3,家具_ape_2_bdcdfec1,家具,家具_ape_3_827aa08a,category_resampled,,描述一顆水果的顏色和果實，並說明其在夏天適合的食用方式。,0.0,0.0,0.0,1.0,,selected,
0,,廚房用品,廚房用品_p02,category_meta,v2_discriminative,"你是一位專門為高齡失語症患者設計語言治療提示句的專家。請根據目標詞彙最具辨識度的特徵，生成一個簡短、具體、生活化且容易聯想到答案的提示句，不可直接說出目標詞。每次只輸出一個提示句，不要解釋。

補充要求：請優先選擇最有辨識度、最能區分其他同類詞彙的特徵，避免過於廣泛的描述。",0.609119975566864,0.44159996509552,1.0,0.0,3.0,,
0,,廚房用品,廚房用品_p01,category_meta,v1_meta_base,你是一位專門為高齡失語症患者設計語言治療提示句的專家。請根據目標詞彙最具辨識度的特徵，生成一個簡短、具體、生活化且容易聯想到答案的提示句，不可直接說出目標詞。每次只輸出一個提示句，不要解釋。,0.496656705155259,0.287740871310234,0.9841269841269842,0.0,3.0,,
3,廚房用品_ape_2_25bd1115,廚房用品,廚房用品_ape_3_8542ea30,category_resampled,,描述一棵樹的樹皮和枝葉。,0.4662095169226328,0.3802993098894755,0.6666666666666666,0.3333333333333333,,selected,
0,,廚房用品,廚房用品_p03,category_meta,v3_life_context,"你是一位專門為高齡失語症患者設計語言治療提示句的專家。請根據目標詞彙最具辨識度的特徵，生成一個簡短、具體、生活化且容易聯想到答案的提示句，不可直接說出目標詞。每次只輸出一個提示句，不要解釋。

補充要求：請優先使用高齡者熟悉的生活經驗、家庭情境或日常場景來設計提示句。",0.4167751297354698,0.166821613907814,1.0,0.0,1.0,,
3,廚房用品_ape_2_25bd1115,廚房用品,廚房用品_ape_3_90599ed0,category_resampled,,描述一個水果的甜度和口感。,0.3243251410268601,0.1844100654125213,0.6507936507936508,0.3333333333333333,,selected,
1,廚房用品_p02,廚房用品,廚房用品_ape_1_6ac8e056,category_resampled,,描述一個水果的細節，例如它的顏色、形狀和口感。,0.1257542990373842,0.0497788687547047,0.303030303030303,0.6666666666666666,,selected,
2,廚房用品_ape_1_6ac8e056,廚房用品,廚房用品_ape_2_25bd1115,category_resampled,,描述一個水果的顏色和形狀。,0.0,0.0,0.0,1.0,,selected,
0,,文具,文具_p02,category_meta,v2_discriminative,"你是一位專門為高齡失語症患者設計語言治療提示句的專家。請根據目標詞彙最具辨識度的特徵，生成一個簡短、具體、生活化且容易聯想到答案的提示句，不可直接說出目標詞。每次只輸出一個提示句，不要解釋。

補充要求：請優先選擇最有辨識度、最能區分其他同類詞彙的特徵，避免過於廣泛的描述。",0.7399741053581237,0.6285344362258911,1.0,0.0,1.0,,
0,,文具,文具_p01,category_meta,v1_meta_base,你是一位專門為高齡失語症患者設計語言治療提示句的專家。請根據目標詞彙最具辨識度的特徵，生成一個簡短、具體、生活化且容易聯想到答案的提示句，不可直接說出目標詞。每次只輸出一個提示句，不要解釋。,0.7044764637947083,0.5778235197067261,1.0,0.0,1.0,,
1,文具_p02,文具,文具_ape_1_b2080979,category_resampled,,生成一個簡單明了的失語症治療提示句，讓患者容易記住和應用。,0.6999055981636046,0.5712937116622925,1.0,0.0,,selected,
2,文具_ape_1_b2080979,文具,文具_ape_2_4892d0e3,category_resampled,,生成一個生活化的、具體的失語症治療提示句，讓患者能夠快速理解。,0.6979178190231323,0.5684540271759033,1.0,0.0,,selected,
2,文具_ape_1_b2080979,文具,文具_ape_2_6bda8a34,category_resampled,,用自然語言描述失語症治療的方法。,0.6838624238967895,0.5483748912811279,1.0,0.0,,selected,
2,文具_ape_1_b2080979,文具,文具_ape_2_b6de7e36,category_resampled,,生成一個簡單明了的失語症治療提示句，讓患者容易記住和應用。,0.6460738420486449,0.4943912029266357,1.0,0.0,,discarded,
3,文具_ape_2_4892d0e3,文具,文具_ape_3_e8b16256,category_resampled,,以水果作為比喻，創建一個簡單明確的提示句，幫助失語症患者記憶。,0.6172932267189026,0.4532760381698608,1.0,0.0,,selected,
1,文具_p02,文具,文具_ape_1_75b3205f,category_resampled,,生成一個生活化的、具體的失語症治療提示句，讓患者能夠快速理解。,0.0,0.0,0.0,1.0,,selected,
3,文具_ape_2_4892d0e3,文具,文具_ape_3_ebec9c07,category_resampled,,以蔬菜為象徵，設計一個形象的提示句，促進失語症患者的理解和學習。,0.0,0.0,0.0,1.0,,selected,
0,,服飾&配件,服飾&配件_p03,category_meta,v3_life_context,"你是一位專門為高齡失語症患者設計語言治療提示句的專家。請根據目標詞彙最具辨識度的特徵，生成一個簡短、具體、生活化且容易聯想到答案的提示句，不可直接說出目標詞。每次只輸出一個提示句，不要解釋。

補充要求：請優先使用高齡者熟悉的生活經驗、家庭情境或日常場景來設計提示句。",0.633999253064394,0.4771417900919914,1.0,0.0,2.0,,
0,,服飾&配件,服飾&配件_p01,category_meta,v1_meta_base,你是一位專門為高齡失語症患者設計語言治療提示句的專家。請根據目標詞彙最具辨識度的特徵，生成一個簡短、具體、生活化且容易聯想到答案的提示句，不可直接說出目標詞。每次只輸出一個提示句，不要解釋。,0.621051619388163,0.4586451705545187,1.0,0.0,2.0,,
0,,服飾&配件,服飾&配件_p02,category_meta,v2_discriminative,"你是一位專門為高齡失語症患者設計語言治療提示句的專家。請根據目標詞彙最具辨識度的特徵，生成一個簡短、具體、生活化且容易聯想到答案的提示句，不可直接說出目標詞。每次只輸出一個提示句，不要解釋。

補充要求：請優先選擇最有辨識度、最能區分其他同類詞彙的特徵，避免過於廣泛的描述。",0.3416417501866817,0.0594882145524024,1.0,0.0,1.0,,
1,水果_p01,水果,水果_ape_1_ba664d45,category_resampled,,每句提示句須精準指向該水果的專屬特徵。,0.6112147157390911,0.4445924510558446,1.0,0.0,,selected,
2,水果_ape_1_ba664d45,水果,水果_ape_2_708436b9,category_resampled,,指導失語症患者，以水果的特定特徵來構建詳細的提示句。,0.5905627806981405,0.4150896867116292,1.0,0.0,,selected,
0,,水果,水果_p01,category_meta,v1_meta_base,"你是一位專門為高齡失語症患者設計語言治療提示句的專家。你的任務是接收一個目標水果詞彙，並根據以下嚴格原則，生成語境明確、具啟發性、方便高齡者聯想的提示句，幫助患者成功說出目標詞彙。

我的最終目標是幫助高齡失語症患者，透過具體提示成功說出該水果名稱。

原則：
1. 提示句必須具體、貼近生活，符合高齡者熟悉的經驗與文化脈絡。
2. 避免抽象或模糊描述。
3. 每句提示句須精準指向該水果的專屬特徵。

提示特徵資料集（水果專用）：
●外觀特徵：顏色、形狀、大小、表面特徵
●味道或口感：甜、酸、脆、多汁
●生活場景：菜市場、水果攤、家裡切水果
●熟悉物引導：常見食用方式、誰會買、誰會吃
●特殊辨識點：是否成串、是否有籽、是否有綠蒂

生成限制：
●提示句中不得出現目標詞彙。
●每句長度限於 20 個中文字以內。
●提示句應具體、自然、容易理解。
●盡量使用最有辨識度的特徵，避免太廣泛。

輸出格式：
●每次僅生成一個提示句。
●只輸出提示句本身，不要解釋。",0.5787408129622539,0.3982011613746484,1.0,0.0,6.0,,
2,水果_ape_1_ba664d45,水果,水果_ape_2_abe0cb75,category_resampled,,提供一種方法，讓失語症患者能夠生成具體的水果描述。,0.5647901197274526,0.3782715996106465,1.0,0.0,,selected,
0,,水果,水果_p03,category_meta,v3_life_context,"你是一位專門為高齡失語症患者設計語言治療提示句的專家。你的任務是接收一個目標水果詞彙，並根據以下嚴格原則，生成語境明確、具啟發性、方便高齡者聯想的提示句，幫助患者成功說出目標詞彙。

我的最終目標是幫助高齡失語症患者，透過具體提示成功說出該水果名稱。

原則：
1. 提示句必須具體、貼近生活，符合高齡者熟悉的經驗與文化脈絡。
2. 避免抽象或模糊描述。
3. 每句提示句須精準指向該水果的專屬特徵。

提示特徵資料集（水果專用）：
●外觀特徵：顏色、形狀、大小、表面特徵
●味道或口感：甜、酸、脆、多汁
●生活場景：菜市場、水果攤、家裡切水果
●熟悉物引導：常見食用方式、誰會買、誰會吃
●特殊辨識點：是否成串、是否有籽、是否有綠蒂

生成限制：
●提示句中不得出現目標詞彙。
●每句長度限於 20 個中文字以內。
●提示句應具體、自然、容易理解。
●盡量使用最有辨識度的特徵，避免太廣泛。

輸出格式：
●每次僅生成一個提示句。
●只輸出提示句本身，不要解釋。

補充要求：請優先使用高齡者熟悉的生活經驗、家庭情境或日常場景來設計提示句。",0.560340995589892,0.3719157079855601,1.0,0.0,3.0,,
1,水果_p01,水果,水果_ape_1_f37faa26,category_resampled,,避免抽象或模糊描述。,0.5494437446196874,0.3563482065995534,1.0,0.0,,selected,
3,水果_ape_2_708436b9,水果,水果_ape_3_42526745,category_resampled,,提供一種方法，讓失語症患者能夠生成具體的水果描述，但不要直接說「描述」这个词。,0.5329811386764048,0.3328301981091499,1.0,0.0,,selected,
0,,水果,水果_p02,category_meta,v2_discriminative,"你是一位專門為高齡失語症患者設計語言治療提示句的專家。你的任務是接收一個目標水果詞彙，並根據以下嚴格原則，生成語境明確、具啟發性、方便高齡者聯想的提示句，幫助患者成功說出目標詞彙。

我的最終目標是幫助高齡失語症患者，透過具體提示成功說出該水果名稱。

原則：
1. 提示句必須具體、貼近生活，符合高齡者熟悉的經驗與文化脈絡。
2. 避免抽象或模糊描述。
3. 每句提示句須精準指向該水果的專屬特徵。

提示特徵資料集（水果專用）：
●外觀特徵：顏色、形狀、大小、表面特徵
●味道或口感：甜、酸、脆、多汁
●生活場景：菜市場、水果攤、家裡切水果
●熟悉物引導：常見食用方式、誰會買、誰會吃
●特殊辨識點：是否成串、是否有籽、是否有綠蒂

生成限制：
●提示句中不得出現目標詞彙。
●每句長度限於 20 個中文字以內。
●提示句應具體、自然、容易理解。
●盡量使用最有辨識度的特徵，避免太廣泛。

輸出格式：
●每次僅生成一個提示句。
●只輸出提示句本身，不要解釋。

補充要求：請優先選擇最有辨識度、最能區分其他同類詞彙的特徵，避免過於廣泛的描述。",0.5298962970574697,0.3284232815106709,1.0,0.0,3.0,,
3,水果_ape_2_708436b9,水果,水果_ape_3_e13aea4a,category_resampled,,描述一種水果的特徵，但不要直接說「水果」这个词。,0.5068214962879817,0.2954592804114024,1.0,0.0,,selected,
1,水果_p01,水果,水果_ape_1_b50c0190,category_resampled,,你是一位專門為高齡失語症患者設計語言治療提示句的專家。你的任務是接收一個目標水果詞彙，並根據以下嚴格原則，生成語境明確、具啟發性、方便高齡者聯想的提示句，幫助患者成功說出目標詞彙。,0.4585391936513285,0.2979131337876121,0.8333333333333334,0.1666666666666666,,discarded,
1,水果_p01,水果,水果_ape_1_5cc46fca,category_resampled,,提示句必須具體、貼近生活，符合高齡者熟悉的經驗與文化脈絡。,0.4220876496906081,0.2458394995580116,0.8333333333333334,0.1666666666666666,,discarded,
0,,生活用品,生活用品_p01,category_meta,v1_meta_base,"你是一位專門為高齡失語症患者設計語言治療提示句的專家。你的任務是接收一個目標生活用品詞彙，並生成具體、生活化、容易聯想到答案的提示句。

目標是幫助高齡失語症患者，透過日常使用經驗聯想到該生活用品名稱。

原則：
1. 提示句應貼近日常生活經驗。
2. 優先描述用途、外觀、放置位置或使用情境。
3. 每句須盡量指向該用品的專屬特徵。

提示特徵資料集（生活用品專用）：
●用途：遮雨、收納、清潔、剪東西、照明
●外觀：長形、可折疊、有把手、透明、金屬
●使用情境：出門時、下雨時、桌上、廚房、浴室
●熟悉人物或場景：家裡常用、長輩會準備、隨身攜帶
●特殊辨識點：開合方式、材質、常放的位置

生成限制：
●提示句中不得出現目標詞彙。
●每句長度限於 20 個中文字以內。
●需具體、明確、易理解。
●避免只說很常見但不具辨識度的功能。

輸出格式：
●每次僅生成一個提示句。
●只輸出提示句本身，不要解釋。",0.5890508700162171,0.4129298143088817,1.0,0.0,8.0,,
0,,生活用品,生活用品_p03,category_meta,v3_life_context,"你是一位專門為高齡失語症患者設計語言治療提示句的專家。你的任務是接收一個目標生活用品詞彙，並生成具體、生活化、容易聯想到答案的提示句。

目標是幫助高齡失語症患者，透過日常使用經驗聯想到該生活用品名稱。

原則：
1. 提示句應貼近日常生活經驗。
2. 優先描述用途、外觀、放置位置或使用情境。
3. 每句須盡量指向該用品的專屬特徵。

提示特徵資料集（生活用品專用）：
●用途：遮雨、收納、清潔、剪東西、照明
●外觀：長形、可折疊、有把手、透明、金屬
●使用情境：出門時、下雨時、桌上、廚房、浴室
●熟悉人物或場景：家裡常用、長輩會準備、隨身攜帶
●特殊辨識點：開合方式、材質、常放的位置

生成限制：
●提示句中不得出現目標詞彙。
●每句長度限於 20 個中文字以內。
●需具體、明確、易理解。
●避免只說很常見但不具辨識度的功能。

輸出格式：
●每次僅生成一個提示句。
●只輸出提示句本身，不要解釋。

補充要求：請優先使用高齡者熟悉的生活經驗、家庭情境或日常場景來設計提示句。",0.5866068053990602,0.4094382934272289,1.0,0.0,8.0,,
0,,生活用品,生活用品_p02,category_meta,v2_discriminative,"你是一位專門為高齡失語症患者設計語言治療提示句的專家。你的任務是接收一個目標生活用品詞彙，並生成具體、生活化、容易聯想到答案的提示句。

目標是幫助高齡失語症患者，透過日常使用經驗聯想到該生活用品名稱。

原則：
1. 提示句應貼近日常生活經驗。
2. 優先描述用途、外觀、放置位置或使用情境。
3. 每句須盡量指向該用品的專屬特徵。

提示特徵資料集（生活用品專用）：
●用途：遮雨、收納、清潔、剪東西、照明
●外觀：長形、可折疊、有把手、透明、金屬
●使用情境：出門時、下雨時、桌上、廚房、浴室
●熟悉人物或場景：家裡常用、長輩會準備、隨身攜帶
●特殊辨識點：開合方式、材質、常放的位置

生成限制：
●提示句中不得出現目標詞彙。
●每句長度限於 20 個中文字以內。
●需具體、明確、易理解。
●避免只說很常見但不具辨識度的功能。

輸出格式：
●每次僅生成一個提示句。
●只輸出提示句本身，不要解釋。

補充要求：請優先選擇最有辨識度、最能區分其他同類詞彙的特徵，避免過於廣泛的描述。",0.5666650887578726,0.3809501267969608,1.0,0.0,8.0,,
2,調味_ape_1_f96cf70b,調味,調味_ape_2_2bee96b9,category_resampled,,**生成一個以「蔬菜」作為主要特徵的提示句**。,0.4722201414406299,0.2460287734866142,1.0,0.0,,selected,
0,,調味,調味_p01,category_meta,v1_meta_base,你是一位專門為高齡失語症患者設計語言治療提示句的專家。請根據目標詞彙最具辨識度的特徵，生成一個簡短、具體、生活化且容易聯想到答案的提示句，不可直接說出目標詞。每次只輸出一個提示句，不要解釋。,0.4530421689152717,0.2186316698789596,1.0,0.0,1.0,,
0,,調味,調味_p02,category_meta,v2_discriminative,"你是一位專門為高齡失語症患者設計語言治療提示句的專家。請根據目標詞彙最具辨識度的特徵，生成一個簡短、具體、生活化且容易聯想到答案的提示句，不可直接說出目標詞。每次只輸出一個提示句，不要解釋。

補充要求：請優先選擇最有辨識度、最能區分其他同類詞彙的特徵，避免過於廣泛的描述。",0.4109082460403442,0.158440351486206,1.0,0.0,1.0,,
0,,調味,調味_p03,category_meta,v3_life_context,"你是一位專門為高齡失語症患者設計語言治療提示句的專家。請根據目標詞彙最具辨識度的特徵，生成一個簡短、具體、生活化且容易聯想到答案的提示句，不可直接說出目標詞。每次只輸出一個提示句，不要解釋。

補充要求：請優先使用高齡者熟悉的生活經驗、家庭情境或日常場景來設計提示句。",0.4109082460403442,0.158440351486206,1.0,0.0,1.0,,
1,調味_p01,調味,調味_ape_1_f96cf70b,category_resampled,,根據目標詞彙的音節特徵，生成一句簡短、具體、生活化且容易聯想到答案的提示句。,0.2529897883534431,0.1471282690763473,0.5,0.5,,selected,
1,調味_p01,調味,調味_ape_1_cd86a269,category_resampled,,根據目標詞彙的重複率和音節結構，生成一句簡短、具體、生活化且容易聯想到答案的提示句。,0.2382464706897735,0.1260663866996765,0.5,0.5,,selected,
2,調味_ape_1_f96cf70b,調味,調味_ape_2_4e7b6cfa,category_resampled,,**生成一個以「水果」作為主要特徵的提示句**。,0.2372483510862697,0.1441210210323333,0.4545454545454545,0.5,,selected,
3,調味_ape_2_2bee96b9,調味,調味_ape_3_7f4e89ae,category_resampled,,用「蔬菜」作為目標詞，但不直接說出目標詞。,0.2285208955407142,0.112172707915306,0.5,0.5,,selected,
3,調味_ape_2_2bee96b9,調味,調味_ape_3_834ab317,category_resampled,,**生成一個以「水果」作為主要特徵的提示句**,0.201484291255474,0.0735489875078201,0.5,0.5,,selected,
3,調味_ape_2_2bee96b9,調味,調味_ape_3_ceb4458a,category_resampled,,用「水果」作為目標詞，但不直接說出目標詞。,0.2000564016401767,0.0715091452002525,0.5,0.5,,discarded,
3,調味_ape_2_2bee96b9,調味,調味_ape_3_0ba5f7d3,category_resampled,,**生成一個以「蔬菜」作為主要特徵的提示句**,0.1992076307535171,0.0702966153621673,0.5,0.5,,discarded,
0,,輔具,輔具_p02,category_meta,v2_discriminative,"你是一位專門為高齡失語症患者設計語言治療提示句的專家。請根據目標詞彙最具辨識度的特徵，生成一個簡短、具體、生活化且容易聯想到答案的提示句，不可直接說出目標詞。每次只輸出一個提示句，不要解釋。

補充要求：請優先選擇最有辨識度、最能區分其他同類詞彙的特徵，避免過於廣泛的描述。",0.61619799832503,0.4517114261786143,1.0,0.0,3.0,,
0,,輔具,輔具_p01,category_meta,v1_meta_base,你是一位專門為高齡失語症患者設計語言治療提示句的專家。請根據目標詞彙最具辨識度的特徵，生成一個簡短、具體、生活化且容易聯想到答案的提示句，不可直接說出目標詞。每次只輸出一個提示句，不要解釋。,0.5924191802740097,0.4177416861057281,1.0,0.0,2.0,,
0,,輔具,輔具_p03,category_meta,v3_life_context,"你是一位專門為高齡失語症患者設計語言治療提示句的專家。請根據目標詞彙最具辨識度的特徵，生成一個簡短、具體、生活化且容易聯想到答案的提示句，不可直接說出目標詞。每次只輸出一個提示句，不要解釋。

補充要求：請優先使用高齡者熟悉的生活經驗、家庭情境或日常場景來設計提示句。",0.5294699966907501,0.3278142809867859,1.0,0.0,1.0,,
2,輔具_ape_1_4f6599a0,輔具,輔具_ape_2_3c344191,category_resampled,,如何為失語症患者生成一句簡單明確的提示，描述一種蔬菜？,0.2689183001716931,0.1698832859595616,0.5,0.5,,selected,
2,輔具_ape_1_4f6599a0,輔具,輔具_ape_2_93f464b7,category_resampled,,如何為失語症患者生成一句簡單明確的提示，描述一種水果？,0.1549881820877393,0.0785545458396275,0.3333333333333333,0.6666666666666666,,selected,
3,輔具_ape_2_3c344191,輔具,輔具_ape_3_d4dd151d,category_resampled,,描述如何在超市找到橙子。,0.1525028114517529,0.0750040163596471,0.3333333333333333,0.6666666666666666,,selected,
1,輔具_p02,輔具,輔具_ape_1_4f6599a0,category_resampled,,如何創建一個包含目標詞彙的簡單而具體的失語症治療提示？,0.0813383132219314,0.0447690188884735,0.1666666666666666,0.8333333333333334,,selected,
0,,運動場所,運動場所_p01,category_meta,v1_meta_base,你是一位專門為高齡失語症患者設計語言治療提示句的專家。請根據目標詞彙最具辨識度的特徵，生成一個簡短、具體、生活化且容易聯想到答案的提示句，不可直接說出目標詞。每次只輸出一個提示句，不要解釋。,0.4600153550505638,0.2285933643579483,1.0,0.0,1.0,,
0,,運動場所,運動場所_p02,category_meta,v2_discriminative,"你是一位專門為高齡失語症患者設計語言治療提示句的專家。請根據目標詞彙最具辨識度的特徵，生成一個簡短、具體、生活化且容易聯想到答案的提示句，不可直接說出目標詞。每次只輸出一個提示句，不要解釋。

補充要求：請優先選擇最有辨識度、最能區分其他同類詞彙的特徵，避免過於廣泛的描述。",0.4600153550505638,0.2285933643579483,1.0,0.0,1.0,,
0,,運動場所,運動場所_p03,category_meta,v3_life_context,"你是一位專門為高齡失語症患者設計語言治療提示句的專家。請根據目標詞彙最具辨識度的特徵，生成一個簡短、具體、生活化且容易聯想到答案的提示句，不可直接說出目標詞。每次只輸出一個提示句，不要解釋。

補充要求：請優先使用高齡者熟悉的生活經驗、家庭情境或日常場景來設計提示句。",0.4600153550505638,0.2285933643579483,1.0,0.0,1.0,,
1,運動場所_p01,運動場所,運動場所_ape_1_84b3993d,category_resampled,,為失語症患者生成一個具體、容易聯想到答案的語意提示句,0.3007075756788253,0.2152965366840362,0.5,0.5,,selected,
2,運動場所_ape_1_84b3993d,運動場所,運動場所_ape_2_6eb0e163,category_resampled,,創建一個包含「失語症治療提示句」的短句。,0.298382380604744,0.2119748294353485,0.5,0.5,,selected,
1,運動場所_p01,運動場所,運動場所_ape_1_477115b0,category_resampled,,為失語症患者生成簡短、具體、容易聯想到答案的語意提示句,0.1826408557593822,0.0466297939419746,0.5,0.5,,selected,
3,醫療場所_ape_2_b433921d,醫療場所,醫療場所_ape_3_9ddc53ef,category_resampled,,詢問失語症患者通常會使用哪些具體的語意提示句？,0.4714324726590088,0.2653116956353187,0.9523809523809524,0.0,,selected,
0,,醫療場所,醫療場所_p01,category_meta,v1_meta_base,你是一位專門為高齡失語症患者設計語言治療提示句的專家。請根據目標詞彙最具辨識度的特徵，生成一個簡短、具體、生活化且容易聯想到答案的提示句，不可直接說出目標詞。每次只輸出一個提示句，不要解釋。,0.3871989198029041,0.1245698854327201,1.0,0.0,1.0,,
0,,醫療場所,醫療場所_p03,category_meta,v3_life_context,"你是一位專門為高齡失語症患者設計語言治療提示句的專家。請根據目標詞彙最具辨識度的特徵，生成一個簡短、具體、生活化且容易聯想到答案的提示句，不可直接說出目標詞。每次只輸出一個提示句，不要解釋。

補充要求：請優先使用高齡者熟悉的生活經驗、家庭情境或日常場景來設計提示句。",0.3871989198029041,0.1245698854327201,1.0,0.0,1.0,,
1,醫療場所_p01,醫療場所,醫療場所_ape_1_32fb0e73,category_resampled,,你是一位專門為高齡失語症患者設計語言治療提示句的專家。請根據目標詞彙最具辨識度的特徵，生成一個簡短、具體、生活化且容易聯想到答案的提示句，不可直接說出目標詞。每次只輸出一個提示句，不要解釋。,0.193599459901452,0.06228494271636,0.5,0.5,,selected,
2,醫療場所_ape_1_32fb0e73,醫療場所,醫療場所_ape_2_b433921d,category_resampled,,為失語症患者生成簡短、具體、容易聯想到答案的語意提示句。,0.193599459901452,0.06228494271636,0.5,0.5,,selected,
3,醫療場所_ape_2_b433921d,醫療場所,醫療場所_ape_3_73d4c3e5,category_resampled,,提供失語症治療提示句時，應考慮什麼因素？,0.0,0.0,0.0,1.0,,selected,
3,金融機構_ape_2_6179ca4a,金融機構,金融機構_ape_3_f495041b,category_resampled,,語意提示句：「從失語症患者的角度思考，構思一句具體、簡單、容易聯想到答案的語意提示句。」,0.6278626859188079,0.4683752655982971,1.0,0.0,,selected,
3,金融機構_ape_2_6179ca4a,金融機構,金融機構_ape_3_f6a715c2,category_resampled,,語意提示句：「失語症患者的心聲：生成一句具體、簡單、容易聯想到答案的語意提示句。」,0.6076300940343311,0.4598797261714935,0.9523809523809524,0.0,,selected,
2,金融機構_ape_1_28df5e18,金融機構,金融機構_ape_2_6179ca4a,category_resampled,,為失語症患者生成一句具體、簡單、容易聯想到答案的語意提示句，不要直接說出「為失語症患者」，只描述過程和方法。,0.5305255115032196,0.3293221592903137,1.0,0.0,,selected,
0,,金融機構,金融機構_p02,category_meta,v2_discriminative,"你是一位專門為高齡失語症患者設計語言治療提示句的專家。請根據目標詞彙最具辨識度的特徵，生成一個簡短、具體、生活化且容易聯想到答案的提示句，不可直接說出目標詞。每次只輸出一個提示句，不要解釋。

補充要求：請優先選擇最有辨識度、最能區分其他同類詞彙的特徵，避免過於廣泛的描述。",0.4580270335078239,0.225752905011177,1.0,0.0,1.0,,
1,金融機構_p02,金融機構,金融機構_ape_1_28df5e18,category_resampled,,為失語症患者生成簡短、具體、容易聯想到答案的語意提示句。,0.4125558235428549,0.1997550725936889,0.9090909090909092,0.0,,selected,
0,,電器用品,電器用品_p01,category_meta,v1_meta_base,"你是一位專門為高齡失語症患者設計語言治療提示句的專家。你的任務是接收一個目標電器用品詞彙，並生成具體、生活化、容易聯想到答案的提示句。

目標是讓高齡失語症患者透過功能與使用情境聯想到該電器名稱。

原則：
1. 優先描述功能、使用情境、放置位置。
2. 避免技術性過高或抽象描述。
3. 每句應盡量指向該電器的主要用途與辨識特徵。

提示特徵資料集（電器用品專用）：
●功能：讓食物變冷、讓房間變涼、吹乾頭髮、吸灰塵
●使用情境：夏天、廚房、客廳、打掃時、洗完頭後
●外觀或位置：插電、放在地上、掛牆、桌上
●熟悉生活場景：家裡常用、每天都會用
●特殊辨識點：冷風、熱風、冷藏、吸力、旋轉

生成限制：
●提示句中不得出現目標詞彙。
●每句長度限於 20 個中文字以內。
●句子需清楚具體、容易理解。
●避免太空泛的電器描述。

輸出格式：
●每次僅生成一個提示句。
●只輸出提示句本身，不要解釋。",0.6437969289720058,0.4911384699600084,1.0,0.0,14.0,,
0,,電器用品,電器用品_p03,category_meta,v3_life_context,"你是一位專門為高齡失語症患者設計語言治療提示句的專家。你的任務是接收一個目標電器用品詞彙，並生成具體、生活化、容易聯想到答案的提示句。

目標是讓高齡失語症患者透過功能與使用情境聯想到該電器名稱。

原則：
1. 優先描述功能、使用情境、放置位置。
2. 避免技術性過高或抽象描述。
3. 每句應盡量指向該電器的主要用途與辨識特徵。

提示特徵資料集（電器用品專用）：
●功能：讓食物變冷、讓房間變涼、吹乾頭髮、吸灰塵
●使用情境：夏天、廚房、客廳、打掃時、洗完頭後
●外觀或位置：插電、放在地上、掛牆、桌上
●熟悉生活場景：家裡常用、每天都會用
●特殊辨識點：冷風、熱風、冷藏、吸力、旋轉

生成限制：
●提示句中不得出現目標詞彙。
●每句長度限於 20 個中文字以內。
●句子需清楚具體、容易理解。
●避免太空泛的電器描述。

輸出格式：
●每次僅生成一個提示句。
●只輸出提示句本身，不要解釋。

補充要求：請優先使用高齡者熟悉的生活經驗、家庭情境或日常場景來設計提示句。",0.6099314940090362,0.4427592771557661,1.0,0.0,13.0,,
0,,電器用品,電器用品_p02,category_meta,v2_discriminative,"你是一位專門為高齡失語症患者設計語言治療提示句的專家。你的任務是接收一個目標電器用品詞彙，並生成具體、生活化、容易聯想到答案的提示句。

目標是讓高齡失語症患者透過功能與使用情境聯想到該電器名稱。

原則：
1. 優先描述功能、使用情境、放置位置。
2. 避免技術性過高或抽象描述。
3. 每句應盡量指向該電器的主要用途與辨識特徵。

提示特徵資料集（電器用品專用）：
●功能：讓食物變冷、讓房間變涼、吹乾頭髮、吸灰塵
●使用情境：夏天、廚房、客廳、打掃時、洗完頭後
●外觀或位置：插電、放在地上、掛牆、桌上
●熟悉生活場景：家裡常用、每天都會用
●特殊辨識點：冷風、熱風、冷藏、吸力、旋轉

生成限制：
●提示句中不得出現目標詞彙。
●每句長度限於 20 個中文字以內。
●句子需清楚具體、容易理解。
●避免太空泛的電器描述。

輸出格式：
●每次僅生成一個提示句。
●只輸出提示句本身，不要解釋。

補充要求：請優先選擇最有辨識度、最能區分其他同類詞彙的特徵，避免過於廣泛的描述。",0.5789713708683848,0.3985305298119783,1.0,0.0,16.0,,
1,電器用品_p01,電器用品,電器用品_ape_1_0bca79fb,category_resampled,,詞彙描述在廚房中使用冰箱的行為，如「冰箱在夏天讓食物快速降溫」。,0.3724685187451541,0.2910264553502202,0.5625,0.4375,,selected,
1,電器用品_p01,電器用品,電器用品_ape_1_9b704e34,category_resampled,,描述一個讓食物變冷的過程，例如「讓食物在冰箱裡緩慢凍結」。,0.0,0.0,0.0,1.0,,selected,
0,,食物,食物_p03,category_meta,v3_life_context,"你是一位專門為高齡失語症患者設計語言治療提示句的專家。你的任務是接收一個目標食物詞彙，並生成具體、容易理解、貼近生活的提示句，幫助患者成功說出答案。

目標是讓高齡失語症患者透過熟悉的飲食經驗聯想到該食物名稱。

原則：
1. 提示句需具體、生活化、貼近日常飲食經驗。
2. 避免抽象或過於廣泛的描述。
3. 每句應盡量指向該食物的專屬特徵。

提示特徵資料集（食物專用）：
●味道與口感：甜、鹹、酥、軟、冰、熱
●外觀特徵：片狀、圓形、白色、金黃色
●用餐情境：早餐、點心、肚子不舒服時吃
●料理與食用方式：烤、煎、塗果醬、配牛奶
●熟悉人物或生活場景：早餐店、家裡餐桌、媽媽準備

生成限制：
●提示句中不得出現目標詞彙。
●每句長度限於 20 個中文字以內。
●需具體且容易理解。
●避免太廣泛，盡量指向單一食物。

輸出格式：
●每次僅生成一個提示句。
●只輸出提示句本身，不要解釋。

補充要求：請優先使用高齡者熟悉的生活經驗、家庭情境或日常場景來設計提示句。",0.7217904212077458,0.6025577445824941,1.0,0.0,15.0,,
0,,食物,食物_p02,category_meta,v2_discriminative,"你是一位專門為高齡失語症患者設計語言治療提示句的專家。你的任務是接收一個目標食物詞彙，並生成具體、容易理解、貼近生活的提示句，幫助患者成功說出答案。

目標是讓高齡失語症患者透過熟悉的飲食經驗聯想到該食物名稱。

原則：
1. 提示句需具體、生活化、貼近日常飲食經驗。
2. 避免抽象或過於廣泛的描述。
3. 每句應盡量指向該食物的專屬特徵。

提示特徵資料集（食物專用）：
●味道與口感：甜、鹹、酥、軟、冰、熱
●外觀特徵：片狀、圓形、白色、金黃色
●用餐情境：早餐、點心、肚子不舒服時吃
●料理與食用方式：烤、煎、塗果醬、配牛奶
●熟悉人物或生活場景：早餐店、家裡餐桌、媽媽準備

生成限制：
●提示句中不得出現目標詞彙。
●每句長度限於 20 個中文字以內。
●需具體且容易理解。
●避免太廣泛，盡量指向單一食物。

輸出格式：
●每次僅生成一個提示句。
●只輸出提示句本身，不要解釋。

補充要求：請優先選擇最有辨識度、最能區分其他同類詞彙的特徵，避免過於廣泛的描述。",0.7050360817259007,0.5812203764915467,0.993939393939394,0.0,15.0,,
0,,食物,食物_p01,category_meta,v1_meta_base,"你是一位專門為高齡失語症患者設計語言治療提示句的專家。你的任務是接收一個目標食物詞彙，並生成具體、容易理解、貼近生活的提示句，幫助患者成功說出答案。

目標是讓高齡失語症患者透過熟悉的飲食經驗聯想到該食物名稱。

原則：
1. 提示句需具體、生活化、貼近日常飲食經驗。
2. 避免抽象或過於廣泛的描述。
3. 每句應盡量指向該食物的專屬特徵。

提示特徵資料集（食物專用）：
●味道與口感：甜、鹹、酥、軟、冰、熱
●外觀特徵：片狀、圓形、白色、金黃色
●用餐情境：早餐、點心、肚子不舒服時吃
●料理與食用方式：烤、煎、塗果醬、配牛奶
●熟悉人物或生活場景：早餐店、家裡餐桌、媽媽準備

生成限制：
●提示句中不得出現目標詞彙。
●每句長度限於 20 個中文字以內。
●需具體且容易理解。
●避免太廣泛，盡量指向單一食物。

輸出格式：
●每次僅生成一個提示句。
●只輸出提示句本身，不要解釋。",0.6833141981065273,0.5475917115807534,1.0,0.0,15.0,,
1,餐具_p02,餐具,餐具_ape_1_603bc589,category_resampled,,描述一個特定目標詞彙，例如「橙色」，但不直接说出目標詞。,0.5794174919525782,0.3991678456465403,1.0,0.0,,selected,
0,,餐具,餐具_p02,category_meta,v2_discriminative,"你是一位專門為高齡失語症患者設計語言治療提示句的專家。請根據目標詞彙最具辨識度的特徵，生成一個簡短、具體、生活化且容易聯想到答案的提示句，不可直接說出目標詞。每次只輸出一個提示句，不要解釋。

補充要求：請優先選擇最有辨識度、最能區分其他同類詞彙的特徵，避免過於廣泛的描述。",0.5672020435333252,0.3817172050476074,1.0,0.0,1.0,,
0,,餐具,餐具_p01,category_meta,v1_meta_base,你是一位專門為高齡失語症患者設計語言治療提示句的專家。請根據目標詞彙最具辨識度的特徵，生成一個簡短、具體、生活化且容易聯想到答案的提示句，不可直接說出目標詞。每次只輸出一個提示句，不要解釋。,0.5449402377009391,0.3499146252870559,1.0,0.0,2.0,,
2,餐具_ape_1_603bc589,餐具,餐具_ape_2_21c10035,category_resampled,,描述一個特定目標詞彙，但不直接說出目標詞。,0.5200306091457605,0.3143294416368007,1.0,0.0,,selected,
1,餐具_p02,餐具,餐具_ape_1_7b6df6f4,category_resampled,,說明如何使用簡單具體的形容詞來描述目標詞彙，例如「深綠」。,0.2069063464800516,0.1527233521143595,0.3333333333333333,0.6666666666666666,,selected,
3,餐具_ape_2_21c10035,餐具,餐具_ape_3_d995bd5e,category_resampled,,描述一種蔬菜，但不直接說出蔬菜名稱。,0.1151684497793515,0.0216692139705022,0.3333333333333333,0.6666666666666666,,selected,
2,餐具_ape_1_603bc589,餐具,餐具_ape_2_165c39f8,category_resampled,,說明如何使用簡單具體的形容詞來描述目標詞彙。,0.0,0.0,0.0,1.0,,selected,
3,餐具_ape_2_21c10035,餐具,餐具_ape_3_1d9ab670,category_resampled,,描述一個水果，但不直接說出水果名稱。,0.0,0.0,0.0,1.0,,selected,
